{
  "IsEncrypted": false,
  "Values": {
    "AzureWebJobsStorage": "",
    "FUNCTIONS_WORKER_RUNTIME": "dotnet",
    "azureresume-daConnectionString": "AccountEndpoint=https://azureresume-da.documents.azure.com:443/;AccountKey=tMkkQ2rHppawg4ZkbxwpxM6jJUA1Qc7TWdSk2CyvqzCmA17L6AtnfeZYa4ARAzSoZKdyVoLgrFhMACDbHPs8mw==;",
    "FUNCTIONS_EXTENSION_VERSION": "~4",
    "WEBSITE_CONTENTAZUREFILECONNECTIONSTRING": "DefaultEndpointsProtocol=https;AccountName=azureresumeda;AccountKey=0qXRlUI+L/jMC4ODOix1IyImEYFn/ct50gFEBIlBGjG8BXamjyzFOtCDhYQggZlDgTYVDZ7kPlvZ+AStQNnlaw==;EndpointSuffix=core.windows.net"
  }
}